<?xml version="1.0" encoding="UTF-8"?>
<!DOCTYPE log4j:configuration SYSTEM "log4j.dtd">
<log4j:configuration xmlns:log4j="http://jakarta.apache.org/log4j/">

	<!-- Appenders -->
	<appender name="console" class="org.apache.log4j.ConsoleAppender">
		<param name="Target" value="System.out" />
		<layout class="org.apache.log4j.PatternLayout">
			<param name="ConversionPattern" value="%d{HH:mm:ss.SSS} %-5p [%t][%c] %m%n" />
		</layout>
	</appender>



	<appender name="DBAppender" class="com.apurv.log.DBAppender">
		<param name="driver" value="com.mysql.jdbc.Driver" />
		<property name="url" value="jdbc:mysql://localhost:3306/apurvdb" />
		<property name="username" value="root" />
		<property name="password" value="chandra" />
		<layout class="org.apache.log4j.PatternLayout">
		</layout>
	</appender>


	
	
	
	

	<!-- Loggers -->
	<logger name="org.springframework">
		<level value="DEBUG" />
	</logger>

	<logger name="org.springframework.integration">
		<level value="DEBUG" />
	</logger>


	<logger name="AUDIT_DB" >
		<level value="INFO" />
		<appender-ref ref="DBAppender" />
	</logger>
	
	
	
	<!-- Root Logger -->
	<root>
		<priority value="DEBUG" />
		<appender-ref ref="console" />
		<appender-ref ref="AUDIT_DB" />
	</root>

</log4j:configuration>