<?xml version="1.0" encoding="UTF-8"?>

<beans xmlns="http://www.springframework.org/schema/beans"
	xmlns:xsi="http://www.w3.org/2001/XMLSchema-instance" xmlns:int="http://www.springframework.org/schema/integration"
	xmlns:jdbc="http://www.springframework.org/schema/jdbc" xmlns:int-jdbc="http://www.springframework.org/schema/integration/jdbc"
	xmlns:context="http://www.springframework.org/schema/context" xmlns:p="http://www.springframework.org/schema/p"
	xmlns:int-file="http://www.springframework.org/schema/integration/file"
	xmlns:int-sftp="http://www.springframework.org/schema/integration/sftp"
	xmlns:tx="http://www.springframework.org/schema/tx" xmlns:int-xml="http://www.springframework.org/schema/integration/xml"
	xmlns:int-event="http://www.springframework.org/schema/integration/event"

	xsi:schemaLocation="http://www.springframework.org/schema/beans
            http://www.springframework.org/schema/beans/spring-beans.xsd
            http://www.springframework.org/schema/integration 
            http://www.springframework.org/schema/integration/spring-integration.xsd
             http://www.springframework.org/schema/integration/file
            http://www.springframework.org/schema/integration/file/spring-integration-file.xsd
            http://www.springframework.org/schema/integration/jdbc
            http://www.springframework.org/schema/integration/jdbc/spring-integration-jdbc.xsd
            http://www.springframework.org/schema/jdbc
            http://www.springframework.org/schema/jdbc/spring-jdbc-3.0.xsd
            http://www.springframework.org/schema/integration/sftp 
            http://www.springframework.org/schema/integration/sftp/spring-integration-sftp.xsd
            http://www.springframework.org/schema/integration/xml
    		http://www.springframework.org/schema/integration/xml/spring-integration-xml.xsd
    		http://www.springframework.org/schema/integration/event 
    		http://www.springframework.org/schema/integration/event/spring-integration-event.xsd
    		http://www.springframework.org/schema/tx
            http://www.springframework.org/schema/tx/spring-tx-3.0.xsd">


	<tx:annotation-driven />

	<bean id="transactionManager"
		class="org.springframework.orm.hibernate4.HibernateTransactionManager">
		<property name="sessionFactory" ref="sessionFactory" />
	</bean>


	<bean id="sessionFactory"
		class="org.springframework.orm.hibernate4.LocalSessionFactoryBean">
		<property name="dataSource" ref="dataSource" />
		<property name="packagesToScan">
			<list>
				<value>com.apurv.model</value>
			</list>
		</property>
		<property name="hibernateProperties">
			<props>
				<prop key="hibernate.dialect">org.hibernate.dialect.MySQLDialect</prop>
				<prop key="hibernate.hbm2ddl.auto">validate</prop>
			</props>
		</property>
	</bean>

	<bean id="dataSource"
		class="org.springframework.jdbc.datasource.DriverManagerDataSource">
		<property name="driverClassName" value="com.mysql.jdbc.Driver" />
		<property name="url" value="jdbc:mysql://localhost:3306/apurvdb" />
		<property name="username" value="root" />
		<property name="password" value="chandra" />
	</bean>

</beans>
