<?xml version="1.0" encoding="UTF-8"?>

<beans xmlns="http://www.springframework.org/schema/beans"
	xmlns:xsi="http://www.w3.org/2001/XMLSchema-instance"
	xsi:schemaLocation="http://www.springframework.org/schema/beans
            http://www.springframework.org/schema/beans/spring-beans.xsd ">


	<bean id="messageListenerContainer"
		class="org.springframework.jms.listener.DefaultMessageListenerContainer">
		<property name="connectionFactory" ref="connectionFactory" />
		<property name="destination" ref="requestQueue" />
		<!-- <property name="sessionTransacted" value="true" /> -->
		<property name="maxConcurrentConsumers" value="1" />
		<property name="concurrentConsumers" value="1" />
		<property name="receiveTimeout" value="5000" />
		<property name="recoveryInterval" value="60000" />
		<property name="autoStartup" value="true" />
	</bean>
	
	<bean id="schedueledTasks" class="com.apurv.scheduled.SchedueledTasks"/>


</beans>
