<?xml version="1.0" encoding="UTF-8"?>

<beans xmlns="http://www.springframework.org/schema/beans"
	xmlns:xsi="http://www.w3.org/2001/XMLSchema-instance" xmlns:int="http://www.springframework.org/schema/integration"
	xmlns:jdbc="http://www.springframework.org/schema/jdbc" xmlns:int-jdbc="http://www.springframework.org/schema/integration/jdbc"
	xmlns:context="http://www.springframework.org/schema/context" xmlns:p="http://www.springframework.org/schema/p"
	xmlns:int-file="http://www.springframework.org/schema/integration/file"
	xmlns:int-sftp="http://www.springframework.org/schema/integration/sftp"
	xmlns:int-xml="http://www.springframework.org/schema/integration/xml"
	xmlns:int-event="http://www.springframework.org/schema/integration/event"
	xmlns:int-jms="http://www.springframework.org/schema/integration/jms"
	xmlns:int-task="http://www.springframework.org/schema/task" 
	xsi:schemaLocation="http://www.springframework.org/schema/beans
            http://www.springframework.org/schema/beans/spring-beans.xsd
            http://www.springframework.org/schema/integration 
            http://www.springframework.org/schema/integration/spring-integration.xsd
             http://www.springframework.org/schema/integration/file
            http://www.springframework.org/schema/integration/file/spring-integration-file.xsd
            http://www.springframework.org/schema/integration/jdbc
            http://www.springframework.org/schema/integration/jdbc/spring-integration-jdbc.xsd
            http://www.springframework.org/schema/jdbc
            http://www.springframework.org/schema/jdbc/spring-jdbc-3.0.xsd
            http://www.springframework.org/schema/integration/sftp 
            http://www.springframework.org/schema/integration/sftp/spring-integration-sftp.xsd
            http://www.springframework.org/schema/integration/xml
    		http://www.springframework.org/schema/integration/xml/spring-integration-xml.xsd
    		http://www.springframework.org/schema/integration/event 
    		http://www.springframework.org/schema/integration/event/spring-integration-event.xsd
    		http://www.springframework.org/schema/integration/jms
			http://www.springframework.org/schema/integration/jms/spring-integration-jms.xsd
			http://www.springframework.org/schema/task
        	http://www.springframework.org/schema/task/spring-task.xsd">

	<import resource="service-context.xml" />
	<import resource="persistence-context.xml" />
	<import resource="activemq-context.xml" />





<int-jms:message-driven-channel-adapter
		id="jmsIn" channel="jmsInChannel" container="messageListenerContainer" />
		
		
	<int:channel id="jmsInChannel" />

	<int:service-activator input-channel="jmsInChannel" output-channel="bufferedChannel">
		<bean id="printHandler" class="com.apurv.activator.PrintMessage">
			<constructor-arg value="printjmsmessage" />
		</bean>
	</int:service-activator>
	
	
	<int:channel id="jmsOutChannel" />
	
	<int:gateway id="jmsPostgateway" service-interface="com.apurv.gateway.JMSPostGateway">
	  <int:method name="postToQ1" request-channel="jmsOutChannel" payload-expression="#args[0]"/>
	</int:gateway>
	
	
	<int-jms:outbound-channel-adapter channel="jmsOutChannel"  destination="requestQueue"   />

	<!-- <int-task:scheduled-tasks> <int-task:scheduled ref="schedueledTasks" 
		method="postToReplyQ" fixed-delay="5000" /> <int-task:scheduled ref="schedueledTasks" 
		method="postToBufferedChannel" fixed-delay="5000" /> </int-task:scheduled-tasks> -->
	
	
	
	
	
	
	
	<!--  buffered channel polled  -->
	
	
	<int:channel id="bufferedChannel">
	  <int:queue capacity="100" />
	</int:channel>
	
	<int:bridge input-channel="bufferedChannel" output-channel="pollerOutChannel" >
	  <int:poller receive-timeout="10" fixed-delay="10" max-messages-per-poll="10000" >
	    <int:transactional/>
	  </int:poller>
	</int:bridge>
	
	

	<int:service-activator input-channel="pollerOutChannel">
		<bean class="com.apurv.activator.PrintMessage">
			<constructor-arg value="polleroutput" />
		</bean>
	</int:service-activator> 
	
	
	
	<!-- <int:logging-channel-adapter logger-name="AUDIT_DB" id="pollerOutChannel"  /> -->
	
	
	
	
	
	
	
	
	
	
	
	

</beans>
