{

  "searchResult": [
    {
      "eventId": "145745682",
      "cdb": "102154",
      "accountNum": "AS54841",
      "source": "SONATA",
      "commCode": "COCD",
      "triggerTime": "27 March 2015, 13:45",
      "status": "PASS"
    },
    {
      "eventId": "14578844",
      "cdb": "103454",
      "accountNum": "AS540378",
      "source": "SONATA",
      "commCode": "CSH",
      "triggerTime": "27 March 2015, 13:45",
      "status": "PASS"
    },
    {
      "eventId": "1254788",
      "cdb": "102658",
      "accountNum": "AS549398",
      "source": "SONATA",
      "commCode": "DDS",
      "triggerTime": "5 March 2015, 13:45",
      "status": "FAIL"
    },
    {
      "eventId": "123365",
      "cdb": "102598",
      "accountNum": "AS54693",
      "source": "SONATA",
      "commCode": "CSH",
      "triggerTime": "27 March 2015, 13:45",
      "status": "PROCESSING"
    }
    
  ]
}