{
  "searchResult": [
    {
      "status": "Comm Request Created ",
      "timestamp": "03-MAY-16 07.43.10.050549",
      "component": "MESSAGE_ORCHESTRATOR"
    },
    {
      "status": "Passing from DDS delayer ",
      "timestamp": "03-MAY-16 07.43.10.053526",
      "component": "MESSAGE_ORCHESTRATOR"
    },
    {
      "status": "Sent for data retrieval ",
      "timestamp": "03-MAY-16 07.43.10.146392",
      "component": "MESSAGE_ORCHESTRATOR"
    },
    {
      "status": "Message received by Sequencer",
      "timestamp": "03-MAY-16 07.43.10.604958",
      "component": "MESSAGE_ORCHESTRATOR"
    },
    {
      "status": "Required Entities of the ELId 101 are resolved",
      "timestamp": "03-MAY-16 07.43.10.753716",
      "component": "MESSAGE_ORCHESTRATOR"
    },
    {
      "status": "The required keys has been resolved for each EDBInterface = Message being send to parallel Channel",
      "timestamp": "03-MAY-16 07.43.11.106653",
      "component": "MESSAGE_ORCHESTRATOR"
    },
    {
      "status": "Splitting the EDB , Operation -  getAccountAndAdviserByCDB",
      "timestamp": "03-MAY-16 07.43.11.785855",
      "component": "MESSAGE_ORCHESTRATOR"
    },
    {
      "status": "Splitting the EDB , Operation -  getCustomerRequest",
      "timestamp": "03-MAY-16 07.43.11.922456",
      "component": "MESSAGE_ORCHESTRATOR"
    },
    {
      "status": "The chain of getAccountAndAdviserByCDB is initiated",
      "timestamp": "03-MAY-16 07.43.12.098858",
      "component": "MESSAGE_ORCHESTRATOR"
    },
    {
      "status": "The chain of getCustomerRequest is initiated",
      "timestamp": "03-MAY-16 07.43.13.967220",
      "component": "MESSAGE_ORCHESTRATOR"
    },
    {
      "status": "The chain of GET_CUSTOMER is completed",
      "timestamp": "03-MAY-16 07.43.19.091034",
      "component": "MESSAGE_ORCHESTRATOR"
    },
    {
      "status": "Splitting the EDB , Operation -  getCustomerAddressHistoryRequest",
      "timestamp": "03-MAY-16 07.43.21.784027",
      "component": "MESSAGE_ORCHESTRATOR"
    },
    {
      "status": "The chain of getCustomerAddressHistoryRequest is initiated",
      "timestamp": "03-MAY-16 07.43.22.134664",
      "component": "MESSAGE_ORCHESTRATOR"
    },
    {
      "status": "The chain of GET_CUSTOMER_ADDRESS_HISTORY is completed",
      "timestamp": "03-MAY-16 07.43.23.678774",
      "component": "MESSAGE_ORCHESTRATOR"
    },
    {
      "status": "Splitting the EDB , Operation -  getMandateRequest",
      "timestamp": "03-MAY-16 07.43.27.220110",
      "component": "MESSAGE_ORCHESTRATOR"
    },
    {
      "status": "The chain of GET_ACCOUNT_AND_ADVISER_BY_CDB is completed",
      "timestamp": "03-MAY-16 07.43.27.416564",
      "component": "MESSAGE_ORCHESTRATOR"
    },
    {
      "status": "The chain of getMandateRequest is initiated",
      "timestamp": "03-MAY-16 07.43.27.584358",
      "component": "MESSAGE_ORCHESTRATOR"
    },
    {
      "status": "The chain of RETRIEVE_BANK_MANDATE is completed",
      "timestamp": "03-MAY-16 07.43.29.431440",
      "component": "MESSAGE_ORCHESTRATOR"
    },
    {
      "status": "Object Mapper -- [ACCOUNT OBJECT SUCCESSFULLY CREATED ]",
      "timestamp": "03-MAY-16 07.43.29.658876",
      "component": "MESSAGE_ORCHESTRATOR"
    },
    {
      "status": "Object Mapper -- [CUSTOMER OBJECT SUCCESSFULLY CREATED ]",
      "timestamp": "03-MAY-16 07.43.34.048544",
      "component": "MESSAGE_ORCHESTRATOR"
    },
    {
      "status": "Aggregating Single ELID  101 in Router",
      "timestamp": "03-MAY-16 07.43.39.787030",
      "component": "MESSAGE_ORCHESTRATOR"
    },
    {
      "status": "Data retrieved",
      "timestamp": "03-MAY-16 07.43.40.440960",
      "component": "MESSAGE_ORCHESTRATOR"
    },
    {
      "status": "Sequencer object converted to Router Generic Wrapper in Fan in component",
      "timestamp": "03-MAY-16 07.43.40.617392",
      "component": "MESSAGE_ORCHESTRATOR"
    },
    {
      "status": "Primary recipient is populated successfully",
      "timestamp": "03-MAY-16 07.43.40.977408",
      "component": "MESSAGE_ORCHESTRATOR"
    },
    {
      "status": "Receipnt Address is not blank",
      "timestamp": "03-MAY-16 07.43.41.637659",
      "component": "MESSAGE_ORCHESTRATOR"
    },
    {
      "status": "All standard attributes are derived successfully",
      "timestamp": "03-MAY-16 07.43.41.967297",
      "component": "MESSAGE_ORCHESTRATOR"
    },
    {
      "status": "Object converted to Letter Request item",
      "timestamp": "03-MAY-16 07.43.42.620144",
      "component": "MESSAGE_ORCHESTRATOR"
    },
    {
      "status": "FAILED : EC-4501-Change type not found during CoCD derivationFor more details, Look into Exception log table with ref :5912144",
      "timestamp": "03-MAY-16 07.43.55.415161",
      "component": "MESSAGE_ORCHESTRATOR"
    }
  ]
}